Name,Type,Address,Zip Code
"(""Pal's"",)",hotdogs,"('960 Volunteer Pkwy',)","('37620',)"
"(""Zaxby's Chicken Fingers & Buffalo Wings"",)",hotdogs,"('201 Cabela Dr',)","('24201',)"
"(""Pal's"",)",hotdogs,"('101 Alexis Dr',)","('24202',)"
"(""Phat Daddy's Subs"",)",hotdogs,"('1511 W State St',)","('24201',)"
"('Barberitos',)",tex-mex,"('1325 Euclid Ave',)","('24201',)"
"('Burger Bar',)",burgers,"('8 Piedmont Ave',)","('24201',)"
"('The Angry Italian',)",pizza,"('714 State St',)","('37620',)"
"('Popeyes Louisiana Kitchen',)",hotdogs,"('1321 Euclid Ave',)","('24201',)"
"(""Tootie's Restaurant"",)",newamerican,"('1310 Virginia Ave',)","('37620',)"
"('Bojangles',)",hotdogs,"('1420 U S 11',)","('24201',)"
"(""Long John Silver's"",)",seafood,"('2040 Lee Hwy',)","('24201',)"
"(""Arby's"",)",hotdogs,"('2067 Lee Hwy',)","('24201',)"
"(""Jersey Mike's Subs"",)",sandwiches,"('1281 Bonham Rd',)","('24202',)"
"(""McDonald's"",)",burgers,"('2065 Lee Hwy',)","('24201',)"
"(""Hardee's"",)",hotdogs,"('1860 Euclid Ave',)","('24201',)"
"('Burger King',)",burgers,"('1967 Lee Hwy',)","('24201',)"
"('Old Lighthouse Diner',)",breakfast_brunch,"('2520 W State St',)","('37620',)"
"(""Hardee's"",)",hotdogs,"('1950 Lee Hwy',)","('24201',)"
"(""McDonald's"",)",burgers,"('1102 Volunteer Pkwy',)","('37620',)"
"(""Wendy's"",)",burgers,"('470 Gate City Hwy',)","('24201',)"
"('Taco Bell',)",hotdogs,"('2582 W State Street',)","('37620',)"
"('Corner Dog House',)",hotdog,"('102 W Mary St',)","('24201',)"
"(""McDonald's"",)",hotdogs,"('2633 W State',)","('37620',)"
"(""Captain D's"",)",seafood,"('2815 W States St',)","('37620',)"
"('KFC',)",hotdogs,"('2037 Lee Hwy',)","('24201',)"
"('Sonic Drive-In',)",burgers,"('2709 West State St',)","('37620',)"
"('Papa Johns Pizza',)",pizza,"('740 Volunteer Pkwy.',)","('37620',)"
"(""Domino's Pizza"",)",pizza,"('3003A Lee Hwy',)","('24202',)"
"('Burger King',)",burgers,"('2615 West State Street',)","('37620',)"
"('Buffalo Wild Wings',)",sportsbars,"('240 Falls Blvd',)","('24201',)"
"('Pizza Hut',)",chicken_wings,"('170 Gate City Hwy',)","('24201',)"
"('Bojangles',)",chicken_wings,"('1030 Volunteer Pkwy',)","('37620',)"
"('Subway',)",sandwiches,"('1325 Euclid Ave',)","('24201',)"
"('Taco Bell',)",hotdogs,"('1111 Volunteer Parkway',)","('37620',)"
"('Sonic Drive-In',)",hotdogs,"('1015 Volunteer Pkwy',)","('37625',)"
"('Dairy Queen Grill & Chill',)",icecream,"('2960 Paulena Dr',)","('24202',)"
"('KFC',)",hotdogs,"('2590 W State St',)","('37620',)"
"('Taco Bell',)",hotdogs,"('30019 Highway 110',)","('38449',)"
"(""McDonald's"",)",hotdogs,"('26862 Main St',)","('35739',)"
"('Burger King',)",hotdogs,"('26383 Main St',)","('38449',)"
"('Pizza Hut',)",pizza,"('26439 Main St',)","('38449',)"
"('KFC',)",hotdogs,"('30019 Hwy 110',)","('38449',)"
"('Taco Bell',)",mexican,"('2541 Murfreesboro Rd',)","('37217',)"
"('Taco Bell',)",hotdogs,"('5315 Hickory Hollow Ln.',)","('37013',)"
"('Wingstop',)",chicken_wings,"('847 Hamilton Crossing Dr',)","('37013',)"
"(""Angelo's Picnic Pizza & Italian Restaurant"",)",pizza,"('2713 Murfreesboro Rd',)","('37013',)"
"('MemphisWings615',)",chicken_wings,"('5380 Mt View Rd',)","('37013',)"
"('Sonic Drive-In',)",burgers,"('2787 Murfreesboro Pike',)","('37013',)"
"('Papa Johns Pizza',)",chicken_wings,"('5300 Hickory Hollow Lane',)","('37013',)"
"('Krystal',)",burgers,"('2671 Murfreesboro Rd',)","('37217',)"
"('Dairy Queen Grill & Chill',)",icecream,"('2819 Murfreesboro Rd',)","('37013',)"
"('Hella Hot Chicken',)",chicken_wings,"('516 Bell Rd',)","('37013',)"
"('Jack in the Box',)",hotdogs,"('1000 Capital Funds Ct',)","('37217',)"
"(""McDonald's"",)",burgers,"('5301 Hickory Hollow Ln',)","('37013',)"
"('Burger King',)",burgers,"('5300 Hickory Hollow Pkwy',)","('37013',)"
"('Surreal Spice Creations',)",salad,"('2940 Murfreesboro Rd',)","('37013',)"
"(""Captain D's"",)",seafood,"('2705 Murfreesboro Pike',)","('37013',)"
"(""McDonald's"",)",burgers,"('3035 Hamilton Church Rd',)","('37013',)"
"(""Jersey Mike's Subs"",)",sandwiches,"('2280 Murfreesboro Pike',)","('37217',)"
"(""O'Charley's Restaurant & Bar"",)",tradamerican,"('923 Bell Rd',)","('37013',)"
"('Arandas',)",hotdogs,"('2111 Murfreesboro Pike',)","('37217',)"
"(""Wendy's"",)",burgers,"('2600 Murfreesboro Rd.',)","('37217',)"
"(""Arby's"",)",hotdogs,"('2350 Murfreesboro Pike',)","('37217',)"
"('KFC',)",hotdogs,"('2634 Murfreesboro Rd',)","('37217',)"
"('Casa Fiesta',)",mexican,"('1111 Bell Rd',)","('37013',)"
"(""Zaxby's Chicken Fingers & Buffalo Wings"",)",salad,"('2241 Murfreesboro Pike',)","('37217',)"
"('Popeyes Louisiana Kitchen',)",chicken_wings,"('13011 Old Hickory Blvd',)","('37013',)"
"('Popeyes',)",hotdogs,"('3550 Murfreesboro Pike',)","('37013',)"
"(""Church's Chicken"",)",chicken_wings,"('515 Bell Rd',)","('37013',)"
"('Panda Express',)",chinese,"('5300 Hickory Hollow Ln',)","('37013',)"
"('Burger King',)",burgers,"('2305 Murfreesboro Pike',)","('37217',)"
"('Subway',)",sandwiches,"('3534 Murfreesboro Pike',)","('37013',)"
"('Popeyes Louisiana Kitchen',)",chicken_wings,"('3550 Murfreesboro Pike',)","('37013',)"
"('Pizza Hut',)",pizza,"('2701 Murfreesboro Rd',)","('37013',)"
"(""McDonald's"",)",hotdogs,"('2499 Murfreesboro Pike',)","('37217',)"
"('KFC',)",hotdogs,"('5001 Murfreesboro Road',)","('37086',)"
"('Burger King',)",burgers,"('13011 Old Hickory Blvd',)","('37013',)"
"('Roma Pizza & Pasta',)",pizza,"('2693 Murfreesboro Rd',)","('37217',)"
"(""Hardee's"",)",burgers,"('2536 Murfreesboro Pike',)","('37217',)"
"('Olive Garden Italian Restaurant',)",italian,"('1131 Bell Rd',)","('37013',)"
"('BurgerFi',)",burgers,"('7010 Executive Center Dr',)","('37027',)"
"('Five Guys',)",burgers,"('330 Franklin Rd',)","('37027',)"
"('Bojangles',)",hotdogs,"('15594 Old Hickory Blvd',)","('37211',)"
"('Sonic Drive-In',)",hotdogs,"('208 B Wilson Pike Cir',)","('37027',)"
"(""Schlotzsky's"",)",delis,"('1708 Galleria Blvd',)","('37067',)"
"(""Zaxby's Chicken Fingers & Buffalo Wings"",)",chicken_wings,"('471 Old Hickory Blvd',)","('37027',)"
"(""Wendy's"",)",burgers,"('5640 Franklin Pike Cir',)","('37027',)"
"(""McDonald's"",)",hotdogs,"('410 Old Hickory Blvd',)","('37211',)"
"('Taco Bell',)",hotdogs,"('5002 Maryland Way',)","('37027',)"
"(""McDonald's"",)",hotdogs,"('109 E Park Dr',)","('37027',)"
"('Back Yard Burgers',)",burgers,"('5004 Maryland Way',)","('37027',)"
"('Greek Cafe Grill',)",greek,"('115 Penn Warren Dr',)","('37027',)"
"(""Jason's Deli"",)",delis,"('279 Franklin Rd',)","('37027',)"
"('Wilco Fusion Grill',)",cafes,"('9040 Carothers Pkwy',)","('37067',)"
"('Chipotle Mexican Grill',)",mexican,"('269 Franklin Rd',)","('37027',)"
"(""Jimmy John's"",)",sandwiches,"('101 Creekside Crossing',)","('37027',)"
"('Mediterranean Cuisine',)",greek,"('214 Ward Cir',)","('37027',)"
"(""McDonald's"",)",hotdogs,"('1704 Galleria Blvd',)","('37064',)"
"('Sonic Drive-In',)",hotdogs,"('1718 Carouthers Pkwy',)","('37027',)"
"('Panera Bread',)",sandwiches,"('782 Old Hickory Blvd',)","('37027',)"
"('Chick-fil-A',)",hotdogs,"('1800 Galleria Blvd',)","('37067',)"
"('Back Yard Burgers',)",burgers,"('1711 Galleria Blvd',)","('37067',)"
"(""Corky's Ribs & BBQ"",)",bbq,"('100 Franklin Rd',)","('37027',)"
"('Local Taco',)",southern,"('146 Pewitt Dr',)","('37027',)"
"(""Dickey's Barbecue Pit"",)",bbq,"('8113 Moores Ln',)","('37027',)"
"(""Uncle Julio's"",)",mexican,"('209 Franklin Rd',)","('37027',)"
"('Mr. Crepe',)",creperies,"('1800 Galleria Blvd',)","('37067',)"
"(""Taziki's Mediterranean Cafe - Brentwood"",)",mediterranean,"('7021 Executive Center Dr',)","('37027',)"
"('Firehouse Subs',)",hotdogs,"('700 Old Hickory Blvd',)","('37027',)"
"(""Wendy's"",)",hotdogs,"('5529 Edmondson Pike',)","('37211',)"
"('Taco Bell',)",hotdogs,"('5709 Edmonson Pike',)","('37211',)"
"('Pyramid Cafe',)",greek,"('1800 Galleria Blvd',)","('37067',)"
"(""Chili's"",)",tex-mex,"('107 Creekside Crossing',)","('37027',)"
"('Papa Johns Pizza',)",pizza,"('119 Franklin Road',)","('37027',)"
"(""Jimmy John's"",)",sandwiches,"('15563 Old Hickory Blvd',)","('37211',)"
"('Charleys Cheesesteaks',)",tradamerican,"('1800 Galleria Blvd',)","('37067',)"
"('Burger King',)",burgers,"('1911 Mallory Ln',)","('37067',)"
"(""Cheddar's Scratch Kitchen"",)",tradamerican,"('1654 Westgate Cir',)","('37027',)"
"(""Jersey Mike's Subs"",)",sandwiches,"('214 Ward Cir',)","('37027',)"
"(""Judge Bean's BBQ"",)",bbq,"('7022 Church St E',)","('37027',)"
"(""John's Burgers"",)",burgers,"('1800 Galleria Blvd',)","('37027',)"
"(""Jersey Mike's Subs"",)",hotdogs,"('5527 Edmondson Pike',)","('37211',)"
"(""Moe's Southwest Grill"",)",mexican,"('101 CreeksideCrossing',)","('37027',)"
"('Red Robin Gourmet Burgers and Brews',)",burgers,"('1762 Galleria Blvd',)","('37067',)"
"('Villalba Italian Restaurant',)",salad,"('15568 Old Hickory Blvd',)","('37211',)"
"('LongHorn Steakhouse',)",steak,"('774 Old Hickory Blvd',)","('37027',)"
"('Cinco De Mayo Mexican restaurant - Brentwood',)",mexican,"('4944 Thoroughbred Ln',)","('37027',)"
"('The Rutledge',)",bars,"('105 International Dr',)","('37067',)"
"('Mazatlan Mexican Restaurant',)",mexican,"('116 Wilson Pike',)","('37027',)"
"('The Cheesecake Factory - Cool Springs',)",desserts,"('1800 Galleria Blvd',)","('37067',)"
"(""Bubbakoo's Burritos"",)",tex-mex,"('1825 Madison St',)","('37043',)"
"('Hot Pita',)",sandwiches,"('136 Franklin St',)","('37040',)"
"(""Kelly's Big Burger"",)",diners,"('405 N Riverside Dr',)","('37040',)"
"(""Jimmy John's"",)",sandwiches,"('1820 Madison St',)","('37043',)"
"('The Gingham Cafe',)",cafes,"('1955-C Madison St',)","('37043',)"
"(""Jersey Mike's Subs"",)",hotdogs,"('1960 L Madison St',)","('37043',)"
"('Sonic Drive-In',)",hotdogs,"('2219 Madison St',)","('37043',)"
"('Arapaap',)",hotdogs,"('100 Main St',)","('37040',)"
"('Burger King',)",burgers,"('2227 Madison St',)","('37043',)"
"('Papa Johns Pizza',)",pizza,"('1485 Madison St',)","('37040',)"
"('Strawberry Alley Ale Works',)",tradamerican,"('103 Strawberry Aly',)","('37040',)"
"(""Jimmy John's"",)",sandwiches,"('1725 Wilma Rudolph Blvd',)","('37040',)"
"(""McDonald's"",)",hotdogs,"('1921 Madison Ext',)","('37040',)"
"('Taco Bell',)",mexican,"('2240 Madison Street',)","('37043',)"
"(""Hardee's"",)",hotdogs,"('1941 Madison St',)","('37043',)"
"('Blackhorse Pub & Brewery - Clarksville',)",breweries,"('132 Franklin St',)","('37040',)"
"(""Arby's"",)",hotdogs,"('2235 Madison St',)","('37043',)"
"('Dos Margaritas Mexican Grill',)",mexican,"('1923 Madison St',)","('37043',)"
"('Pizza Hut',)",pizza,"('703 S Riverside Dr',)","('37040',)"
"('Waffle House',)",breakfast_brunch,"('1931 Madison St',)","('37043',)"
"('Sonic Drive-In',)",hotdogs,"('1761 Wilma Rudolph Blvd',)","('37042',)"
"('Kohana Sushi & Ramen',)",sushi,"('120 Corporate Dr',)","('37040',)"
"('Pizza Hut',)",pizza,"('1901 Wilma Rudolph Blvd',)","('37040',)"
"('Los Hermanos Mexican Grill',)",mexican,"('1302 Fort Campbell Blvd',)","('37042',)"
"('Papa Johns Pizza',)",pizza,"('1649 Fort Campbell Boulevard',)","('37042',)"
"(""Wendy's"",)",burgers,"('1683 Ft. Campbell Boulevard',)","('37042',)"
"(""McDonald's"",)",burgers,"('1644 Fort Campbell Blvd',)","('37042',)"
"(""Jimmy John's"",)",hotdogs,"('100 Quin Ln',)","('37042',)"
"('Pizza Hut',)",pizza,"('1889 Fort Campbell Blvd',)","('37042',)"
"(""Captain D's"",)",seafood,"('309 E Main St',)","('37066',)"
"('Cracker Barrel Old Country Store',)",breakfast_brunch,"('1005 Village Green Crossing',)","('37066',)"
"('Sonic Drive-In',)",burgers,"('505 Hartsville Pike',)","('37066',)"
"('KFC',)",hotdogs,"('675 Nashville Pike',)","('37066',)"
"(""Jersey Mike's Subs"",)",delis,"('940 Memory Ln',)","('37066',)"
"(""McDonald's"",)",hotdogs,"('990 Greensboro Dr',)","('37066',)"
"(""O'Charley's Restaurant & Bar"",)",tradamerican,"('1009 Village Green Crossi',)","('37066',)"
"(""Garcia's Taqueria Sports Grill"",)",mexican,"('971 Memory Ln',)","('37066',)"
"('Panera Bread',)",salad,"('921 Nashville Pike',)","('37066',)"
"(""McDonald's"",)",hotdogs,"('402 W Main St',)","('37066',)"
"('Burger King',)",burgers,"('1112 Nashville Pike',)","('37066',)"
"('Papa Johns Pizza',)",pizza,"('226 West Broadway',)","('37066',)"
"('Los Cantaritos',)",mexican,"('1483 Nashville Pike',)","('37066',)"
"('Pizza Hut',)",pizza,"('1101 Nashville Pike',)","('37066',)"
"('Papa Johns Pizza',)",pizza,"('261 Indian Lake Blvd.',)","('37075',)"
"('Dairy Queen Grill & Chill',)",icecream,"('1023 Glenbrook Way',)","('37075',)"
"(""Moore's Spicy Fried Chicken"",)",chicken_wings,"('115 Walton Ferry Rd',)","('37075',)"
"('Music City Diner',)",tradamerican,"('102 Glen Oak Blvd',)","('37075',)"
"('Cracker Barrel Old Country Store',)",breakfast_brunch,"('213 Indian Lake Blvd',)","('37075',)"
"('Panera Bread',)",sandwiches,"('1037 Glenbrook Way',)","('37075',)"
"('Sonic Drive-In',)",hotdogs,"('279 New Shackle Island Rd',)","('37075',)"
"(""Jersey Mike's Subs"",)",sandwiches,"('247 W Main St',)","('37075',)"
"('Sonic Drive-In',)",hotdogs,"('559 East Main St',)","('37075',)"
"(""Demos' Restaurant"",)",steak,"('161 Indian Lake Blvd',)","('37075',)"
"('Cafe Rakka',)",greek,"('71 New Shackle Island Rd',)","('37075',)"
"('Popeyes Louisiana kitchen',)",chickenshop,"('1000 Callender Ln',)","('37075',)"
"('Brixx Wood Fired Pizza + Craft Bar',)",pizza,"('300 Indian Lake Blvd',)","('37075',)"
"('Burger King',)",burgers,"('247 E Main St',)","('37075',)"
"('Greek Style Gyro',)",greek,"('793 W Main St',)","('37075',)"
"('Krystal',)",burgers,"('449 W Main St',)","('37075',)"
"(""Arby's"",)",hotdogs,"('435 W Main St',)","('37075',)"
"('Taco Bell',)",mexican,"('447 W Main St.',)","('37075',)"
"(""Captain D's"",)",seafood,"('317 W Main St',)","('37075',)"
"(""McDonald's"",)",hotdogs,"('305 New Shackle Island Rd',)","('37075',)"
"('Pizza Hut',)",pizza,"('170 E Main St',)","('37075',)"
"('KFC',)",hotdogs,"('322 W Main St',)","('37075',)"
"(""Chili's"",)",bars,"('218 Indian Lake Blvd',)","('37075',)"
"(""McDonald's"",)",hotdogs,"('393 W Main St',)","('37075',)"
"('Subway',)",sandwiches,"('102A Glen Oak Blvd',)","('37075',)"
"('Hickory Falls Wood-Fired Grille & Bar',)",tradamerican,"('999 Industrial Blvd',)","('37167',)"
"('First Watch',)",breakfast_brunch,"('450 Sam Ridley Pkwy',)","('37167',)"
"(""Captain D's"",)",seafood,"('263 N Lowry St',)","('37167',)"
"('Blue Coast Burrito',)",mexican,"('635 President Pl',)","('37167',)"
"('Burger King',)",burgers,"('833 Industrial Blvd',)","('37167',)"
"(""McDonald's"",)",burgers,"('345 N Lowry St',)","('37167',)"
"('Margarita House',)",mexican,"('145 N Lowry St',)","('37167',)"
"('Inglewood Lounge',)",lounges,"('3914 Gallatin Pike',)","('37216',)"
"(""Logan's Roadhouse"",)",bbq,"('2506 Music Valley Dr',)","('37214',)"
"(""Fazoli's"",)",italian,"('1847 Gallatin Pike North',)","('37115',)"
"('Sonic Drive-In',)",hotdogs,"('1410 Robinson Rd',)","('37138',)"
"(""McDonald's"",)",coffee,"('906 Two Mile Pkwy',)","('37072',)"
"('Sonic Drive-In',)",burgers,"('1565 North Gallatin Pike',)","('37115',)"
"('Opry Backstage Grill',)",tradamerican,"('2401 Music Valley Dr',)","('37214',)"
"('Papa Johns Pizza',)",pizza,"('3604 Gallatin Pike',)","('37216',)"
"(""Captain D's"",)",seafood,"('3708 Gallatin Pike',)","('37216',)"
"('Bob Evans',)",breakfast_brunch,"('200 Rudy Cir',)","('37214',)"
"('Olive Garden Italian Restaurant',)",italian,"('1711 Gallatin Rd N',)","('37115',)"
"(""Chili's"",)",tradamerican,"('1820 Gallatin Pike N',)","('37115',)"
"('Scoreboard Bar & Grill',)",tradamerican,"('2408 Music Valley Dr',)","('37214',)"
"('Solario Cantina',)",mexican,"('2800 Opryland Dr',)","('37214',)"
"('Fiesta Mexicana',)",mexican,"('3935 Gallatin Pike',)","('37216',)"
"(""McDonald's"",)",hotdogs,"('775 Nissan Dr',)","('37167',)"
"(""Jimmy John's"",)",hotdogs,"('812 Nissan Dr',)","('37167',)"
"('Burger King',)",burgers,"('6000 Tridon Dr',)","('37167',)"
"(""McDonald's"",)",burgers,"('345 N Lowry St',)","('37167',)"
"('Burger King',)",burgers,"('Almaville Rd',)","('37167',)"
"('Margarita House',)",mexican,"('145 N Lowry St',)","('37167',)"
"('Daddys Dogs - Nashville',)",foodstands,"('423 6th Ave S',)","('37203',)"
"(""Duke's"",)",bars,"('1000 Main St',)","('37206',)"
"(""Varallo's Restaurants"",)",diners,"('239 4th Ave N',)","('37219',)"
"('Popeyes Louisiana Kitchen',)",hotdogs,"('914 Jefferson St',)","('37208',)"
"(""Jimmy John's"",)",delis,"('424 Church St',)","('37219',)"
"('San Antonio Taco Co',)",tex-mex,"('416 21st Ave S',)","('37203',)"
"(""Robert's Western World"",)",musicvenues,"('416 Broadway',)","('37203',)"
"(""Michaelangelo's Pizza"",)",pizza,"('205 22nd Ave N',)","('37203',)"
"(""Jimmy John's"",)",hotdogs,"('2318 West End Ave',)","('37203',)"
"('The Chile Burrito',)",mexican,"('162 4th Ave N',)","('37219',)"
"(""Hugh-Baby's"",)",burgers,"('975 Main St',)","('37206',)"
"('Wingstop',)",chicken_wings,"('2113 Elliston Pl',)","('37203',)"
"(""Big Al's Deli"",)",southern,"('1828 4th Ave N',)","('37208',)"
"('Chipotle Mexican Grill',)",mexican,"('400 21st Ave S',)","('37203',)"
"(""McDonald's"",)",hotdogs,"('2700 W End Ave',)","('37203',)"
"('Brothers Burger Joint',)",burgers,"('2821 Bransford Ave',)","('37204',)"
"(""Dino's"",)",bars,"('411 Gallatin Ave',)","('37206',)"
"('The Pharmacy',)",bars,"('731 McFerrin Ave',)","('37206',)"
"('InterAsian Market & Deli',)",delis,"('2160 Nolensville Pike',)","('37211',)"
"('Papa Johns Pizza',)",pizza,"('2316 West End Avenue',)","('37203',)"
"('Mellow Mushroom - Nashville',)",pizza,"('212 21st Ave S',)","('37203',)"
"(""McDonald's"",)",burgers,"('2612 8th Ave S',)","('37204',)"
"('Sonic Drive-In',)",hotdogs,"('2501 Franklin Rd',)","('37204',)"
"('Pokeworks',)",salad,"('416 11th Ave N',)","('37203',)"
"('Kebab Gyros Greek & Italian Food',)",italian,"('389 Murfreesboro Pike',)","('37210',)"
"('Taco Mama - Hillsboro Village',)",mexican,"('1612 21st Ave S',)","('37212',)"
"(""Jersey Mike's Subs"",)",sandwiches,"('2311 Elliston Pl',)","('37203',)"
"(""Prince's Hot Chicken Shack"",)",chicken_wings,"('423 6th Ave S',)","('37203',)"
"('Chick-fil-A',)",hotdogs,"('2120 Rosa L Parks Blvd',)","('37228',)"
"('Panda Express',)",chinese,"('2534 Powell Ave',)","('37204',)"
"('Fresh Pick Marketplace',)",newamerican,"('201 5th Ave S',)","('37203',)"
"('Smokin Thighs - Wedgewood',)",chicken_wings,"('611 Wedgewood Ave',)","('37203',)"
"('Emmy Squared Pizza - Germantown',)",pizza,"('1121 5th Ave N',)","('37208',)"
"('Chipotle Mexican Grill',)",mexican,"('2825 W End Ave',)","('37203',)"
"('Pizza Hut',)",pizza,"('1908 W End Ave',)","('37203',)"
"('Greko Greek Street Food',)",greek,"('704 Main St',)","('37206',)"
"('Taco Bell',)",mexican,"('2101 Rosa L. Parks Blvd.',)","('37228',)"
"(""Wendy's"",)",hotdogs,"('741 Thompson Ln',)","('37204',)"
"('Cinco De Mayo Mexican Restaurant - Nashville',)",mexican,"('209 10th Ave S',)","('37203',)"
"(""Luke's 32 Bridge Food + Drink"",)",cocktailbars,"('301 Broadway',)","('37201',)"
"('Baja Fresh',)",mexican,"('1211 Medical Center Dr',)","('37232',)"
"('Burger King',)",burgers,"('2011 8th Ave S',)","('37204',)"
"('Double Dogs - Hillsboro Village',)",sportsbars,"('1807 21st Ave S',)","('37212',)"
"(""McDonald's"",)",hotdogs,"('801 Vantage Way Ct',)","('37228',)"
"('Houndog Hot Dogs',)",hotdog,"('310 Broadway',)","('37246',)"
"('Proper Bagel',)",bagels,"('2011 Belmont Blvd',)","('37212',)"
"('Burger King',)",burgers,"('1501 Charlotte Ave',)","('37203',)"
"('Dairy Queen Grill & Chill',)",hotdogs,"('3404 W End Ave',)","('37203',)"
"(""McDonald's"",)",burgers,"('2212 Nolensville Rd',)","('37211',)"
"('Bartaco',)",mexican,"('2526 12th Ave S',)","('37204',)"
"('Stock & Barrel',)",burgers,"('901 Gleaves St',)","('37203',)"
"('CAVA',)",mediterranean,"('2171 Green Hills Village Dr',)","('37215',)"
"('Taco Express Mexican Grill',)",mexican,"('624 Grassmere Park',)","('37211',)"
"('QDOBA Mexican Eats',)",mexican,"('2019 W End Ave',)","('37203',)"
"('The Slider House',)",burgers,"('1907 Division St',)","('37203',)"
"('Mellow Mushroom - Nashville',)",pizza,"('212 21st Ave S',)","('37203',)"
"('Proper Bagel',)",bagels,"('2011 Belmont Blvd',)","('37212',)"
"(""McDonald's"",)",hotdogs,"('2700 W End Ave',)","('37203',)"
"('Wingstop',)",chicken_wings,"('2113 Elliston Pl',)","('37203',)"
"('Taco Mama - Hillsboro Village',)",mexican,"('1612 21st Ave S',)","('37212',)"
"('Papa Johns Pizza',)",pizza,"('222 Thompson Lane',)","('37211',)"
"(""Jersey Mike's Subs"",)",sandwiches,"('2184 Bandywood Dr',)","('37215',)"
"('Baja Fresh',)",mexican,"('1211 Medical Center Dr',)","('37232',)"
"('San Antonio Taco Co',)",tex-mex,"('416 21st Ave S',)","('37203',)"
"('Double Dogs - Hillsboro Village',)",sportsbars,"('1807 21st Ave S',)","('37212',)"
"('Papa Johns Pizza',)",pizza,"('4004 Hillsboro Pike',)","('37215',)"
"('Chopt Creative Salad Co.',)",salad,"('2126 Abbott Martin Rd',)","('37215',)"
"('Sonic Drive-In',)",hotdogs,"('444 Murfreesboro Rd',)","('37210',)"
"(""McDonald's"",)",hotdogs,"('524 Murfreesboro Rd',)","('37210',)"
"('Papa Johns Pizza',)",pizza,"('2316 West End Avenue',)","('37203',)"
"('Steaming Goat',)",foodtrucks,"('',)","('37211',)"
"('Athens Family Restaurant',)",greek,"('2017 Belmont Blvd',)","('37212',)"
"(""Domino's Pizza"",)",pizza,"('2004 Belcourt Ave',)","('37212',)"
"(""Captain D's"",)",seafood,"('3715 Nolensville Pike',)","('37211',)"
"(""Auntie Anne's Pretzels"",)",pretzels,"('2126 Abbott Martin Rd',)","('37215',)"
"('Pizza Hut',)",pizza,"('1908 W End Ave',)","('37203',)"
"('Taqueria Del Sol',)",tex-mex,"('2317 12th Ave S',)","('37204',)"
"('Vandy Delicatessen',)",delis,"('1313 21st Ave S',)","('37232',)"
"('Chipotle Mexican Grill',)",mexican,"('400 21st Ave S',)","('37203',)"
"('Burger King',)",burgers,"('454 Murfreesboro Rd',)","('37210',)"
"('Chipotle Mexican Grill',)",mexican,"('2825 W End Ave',)","('37203',)"
"(""Jersey Mike's Subs"",)",sandwiches,"('2311 Elliston Pl',)","('37203',)"
"(""Taziki's Mediterranean Cafe - West End"",)",greek,"('3001 W End Ave',)","('37212',)"
"('KFC',)",hotdogs,"('1027 8th Ave. N.',)","('37208',)"
"('Panera Bread',)",sandwiches,"('406 21st Ave S',)","('37203',)"
"(""Moe's Southwest Grill"",)",mexican,"('2525 W End Ave',)","('37203',)"
"(""Ted's Montana Grill - West End"",)",tradamerican,"('2817 W End Ave',)","('37203',)"
"(""McAlister's Deli"",)",delis,"('2004 Belmont Blvd',)","('37212',)"
"('Subway',)",sandwiches,"('2100 8th Ave S',)","('37204',)"
"('The Stillery, Midtown',)",pizza,"('1921 Broadway',)","('37203',)"
"('Subway',)",sandwiches,"('2200 Children S Way',)","('37212',)"
"('Las Palmas Mexican Restaurant',)",mexican,"('1905 Hayes St',)","('37203',)"
"('Au Bon Pain',)",coffee,"('Vanderbilt Medical Ctr',)","('37212',)"
"(""Crow's Nest"",)",sportsbars,"('2221 Bandywood Dr',)","('37215',)"
"('Subway Restaurants',)",hotdogs,"('800 Fort Negley Blvd',)","('37203',)"
"('Subway Restaurants',)",sandwiches,"('353 Murfreesboro Rd',)","('37210',)"
"(""Kay Bob's Grill & Ale"",)",sandwiches,"('1602 21st Ave S',)","('37212',)"
"('Dairy Queen Grill & Chill',)",hotdogs,"('2400 Patterson St',)","('37203',)"
"('The Cheesecake Factory - Nashville',)",desserts,"('2133 Green Hills Village Dr',)","('37215',)"
"('Subway',)",sandwiches,"('4121 Hillsboro Pike St',)","('37215',)"
"('Burger King',)",hotdogs,"('457 Opry Mills Dr',)","('37214',)"
"(""Pecker's Bar & Grill"",)",gaybars,"('237 Hermitage Ave',)","('37210',)"
"(""Logan's Roadhouse"",)",bbq,"('2506 Music Valley Dr',)","('37214',)"
"('Quiznos',)",sandwiches,"('319 Peabody St',)","('37210',)"
"(""Auntie Anne's"",)",pretzels,"('138 Opry Mills Dr',)","('37214',)"
"('TGI  Fridays',)",tradamerican,"('449 Opry Mills Dr',)","('37214',)"
"('Opry Backstage Grill',)",tradamerican,"('2401 Music Valley Dr',)","('37214',)"
"(""Dave & Buster's"",)",tradamerican,"('540 Opry Mills Dr',)","('37214',)"
"('Aquarium Restaurant',)",seafood,"('516 Opry Mills Dr',)","('37214',)"
"('Subway Restaurants',)",sandwiches,"('353 Murfreesboro Rd',)","('37210',)"
"('Bob Evans',)",breakfast_brunch,"('200 Rudy Cir',)","('37214',)"
"('Subway',)",sandwiches,"('433 Opry Mills Dr',)","('37214',)"
"('Fiesta Mexicana',)",mexican,"('3935 Gallatin Pike',)","('37216',)"
"(""Domino's Pizza"",)",pizza,"('835 4th Ave S',)","('37210',)"
"('Solario Cantina',)",mexican,"('2800 Opryland Dr',)","('37214',)"
"('Scoreboard Bar & Grill',)",tradamerican,"('2408 Music Valley Dr',)","('37214',)"
"('Sonic Drive-In',)",hotdogs,"('2312 Dickerson Pike',)","('37207',)"
"('312 Pizza Company',)",pizza,"('371 Monroe St',)","('37208',)"
"('Krystal',)",burgers,"('100 W Trinity Ln',)","('37207',)"
"('Merchants',)",burgers,"('401 Bdwy',)","('37203',)"
"('Pokeworks',)",salad,"('416 11th Ave N',)","('37203',)"
"('The Slider House',)",burgers,"('1907 Division St',)","('37203',)"
"('Acme Feed & Seed',)",bars,"('101 Broadway',)","('37201',)"
"('Chipotle Mexican Grill',)",hotdogs,"('2032 Rosa L Parks Blvd',)","('37228',)"
"('Chick-fil-A',)",hotdogs,"('3500 John A Merritt Blvd Floyd-payne Campus Ctr',)","('37209',)"
"('Papa Johns Pizza',)",pizza,"('2316 West End Avenue',)","('37203',)"
"(""Bobbie's Dairy Dip"",)",icecream,"('5301 Charlotte Ave',)","('37209',)"
"('Checkers',)",burgers,"('3232 Clarksville Pike',)","('37218',)"
"('Stock & Barrel',)",burgers,"('901 Gleaves St',)","('37203',)"
"('Bajo Sexto Taco',)",mexican,"('216 Rep John Lewis Way S',)","('37203',)"
"('The Chile Burrito',)",mexican,"('162 4th Ave N',)","('37219',)"
"(""Varallo's Restaurants"",)",diners,"('239 4th Ave N',)","('37219',)"
"(""Robert's Western World"",)",musicvenues,"('416 Broadway',)","('37203',)"
"('Chipotle Mexican Grill',)",mexican,"('400 21st Ave S',)","('37203',)"
"('Daddys Dogs - Nashville',)",foodstands,"('423 6th Ave S',)","('37203',)"
"(""Michaelangelo's Pizza"",)",pizza,"('205 22nd Ave N',)","('37203',)"
"(""Prince's Hot Chicken Shack"",)",chicken_wings,"('423 6th Ave S',)","('37203',)"
"('Mellow Mushroom - Nashville',)",pizza,"('212 21st Ave S',)","('37203',)"
"('Krispy Krunchy Chicken',)",hotdogs,"('9 Hermitage Ave',)","('37210',)"
"('M.L.Rose Craft Beer & Burgers - Sylvan Park',)",burgers,"('4408 Charlotte Ave',)","('37209',)"
"('Houndog Hot Dogs',)",hotdog,"('310 Broadway',)","('37246',)"
"(""McDonald's"",)",hotdogs,"('2700 W End Ave',)","('37203',)"
"(""Captain D's"",)",seafood,"('921 Jefferson St',)","('37208',)"
"(""Jersey Mike's Subs"",)",sandwiches,"('2311 Elliston Pl',)","('37203',)"
"('Taco Bell',)",mexican,"('1410 Brick Church Pike',)","('37207',)"
"('Burger King',)",burgers,"('1501 Charlotte Ave',)","('37203',)"
"('Pizza Hut',)",pizza,"('1908 W End Ave',)","('37203',)"
"(""Rock'n Dough Pizza & Brewery"",)",pizza,"('1105 51st Ave N',)","('37209',)"
"('San Antonio Taco Co',)",tex-mex,"('416 21st Ave S',)","('37203',)"
"('Quiznos',)",hotdogs,"('315 Deaderick St',)","('37238',)"
"('Chipotle Mexican Grill',)",mexican,"('2825 W End Ave',)","('37203',)"
"('Baja Fresh',)",mexican,"('1211 Medical Center Dr',)","('37232',)"
"('Burger King',)",burgers,"('5320 Charlotte Ave',)","('37209',)"
"('Centennial Cafe',)",tradamerican,"('5207 Centennial Blvd',)","('37209',)"
"('Taqueria Del Sol',)",mexican,"('4500 Charlotte Ave',)","('37209',)"
"('Fresh Pick Marketplace',)",newamerican,"('201 5th Ave S',)","('37203',)"
"(""Luke's 32 Bridge Food + Drink"",)",cocktailbars,"('301 Broadway',)","('37201',)"
"('Pinewood Social',)",social_clubs,"('33 Peabody St',)","('37210',)"
"('Blanco Cocina + Cantina',)",cocktailbars,"('530 Broadway',)","('37203',)"
"('Another Broken Egg Cafe',)",breakfast_brunch,"('4111 Charlotte Ave',)","('37209',)"
"('Panera Bread',)",sandwiches,"('406 21st Ave S',)","('37203',)"
"('Cinco De Mayo Mexican Restaurant - Nashville',)",mexican,"('209 10th Ave S',)","('37203',)"
"('The Mainstay',)",sportsbars,"('501 Main St',)","('37206',)"
"(""Taziki's Mediterranean Cafe - West End"",)",greek,"('3001 W End Ave',)","('37212',)"
"(""Ted's Montana Grill - West End"",)",tradamerican,"('2817 W End Ave',)","('37203',)"
"('Waffle House',)",breakfast_brunch,"('3103 Clarksville Pike',)","('37218',)"
"('Calypso Cafe',)",caribbean,"('700 Thompson Ln',)","('37204',)"
"('The Mainstay',)",sportsbars,"('501 Main St',)","('37206',)"
"('The Crying Wolf',)",burgers,"('823 Woodland St',)","('37206',)"
"('House of Cards',)",tradamerican,"('119 Third Ave S',)","('37201',)"
"('Quiznos',)",sandwiches,"('319 Peabody St',)","('37210',)"
"('Margaritaville - Nashville',)",tradamerican,"('322 Broadway',)","('37201',)"
"(""Captain D's"",)",seafood,"('3715 Nolensville Pike',)","('37211',)"
"('Subway Restaurants',)",hotdogs,"('800 Fort Negley Blvd',)","('37203',)"
"(""Logan's Roadhouse"",)",steak,"('727 Thompson Ln',)","('37204',)"
"('Rosepepper Mexican Grill',)",mexican,"('1907 Eastland Ave',)","('37206',)"
"('Honky Tonk Central',)",bars,"('329 Broadway',)","('37201',)"
"('Subway',)",sandwiches,"('63 E Thompson Ln',)","('37211',)"
"(""Domino's Pizza"",)",pizza,"('835 4th Ave S',)","('37210',)"
"(""BB King's Blues Club"",)",musicvenues,"('152 2nd Ave N',)","('37201',)"
"('Papa Johns Pizza',)",pizza,"('2316 West End Avenue',)","('37203',)"
"(""McDonald's"",)",burgers,"('2612 8th Ave S',)","('37204',)"
"('Frothy Monkey',)",newamerican,"('235 5th Ave N',)","('37219',)"
"('Bajo Sexto Taco',)",mexican,"('216 Rep John Lewis Way S',)","('37203',)"
"('Smokin Chickin',)",chickenshop,"('5055 Broadway Place',)","('37203',)"
"(""Jersey Mike's Subs"",)",sandwiches,"('2311 Elliston Pl',)","('37203',)"
"('Bartaco',)",mexican,"('2526 12th Ave S',)","('37204',)"
"('Acme Feed & Seed',)",bars,"('101 Broadway',)","('37201',)"
"(""Jimmy John's"",)",delis,"('424 Church St',)","('37219',)"
"('Burger King',)",burgers,"('2011 8th Ave S',)","('37204',)"
"('Proper Bagel',)",bagels,"('2011 Belmont Blvd',)","('37212',)"
"('Chick-fil-A',)",hotdogs,"('1 University Park Dr Bennett Campus Ctr',)","('37204',)"
"('Merchants',)",burgers,"('401 Bdwy',)","('37203',)"
"('Baam Burger',)",burgers,"('223 4th Ave N',)","('37219',)"
"('Popeyes Louisiana Kitchen',)",hotdogs,"('914 Jefferson St',)","('37208',)"
"(""McDonald's"",)",burgers,"('4114 Hillsboro Rd',)","('37215',)"
"('Krispy Krunchy Chicken',)",hotdogs,"('9 Hermitage Ave',)","('37210',)"
"('CAVA',)",mediterranean,"('2171 Green Hills Village Dr',)","('37215',)"
"('Taco Bell',)",hotdogs,"('2615 Powell Ave',)","('37204',)"
"('Daddy’s Dogs',)",hotdog,"('107 4th Ave N',)","('37201',)"
"('Emmy Squared Pizza - Green Hills',)",pizza,"('3821 Green Hills Village Dr',)","('37215',)"
"(""Taziki's Mediterranean Cafe - West End"",)",greek,"('3001 W End Ave',)","('37212',)"
"(""Jersey Mike's Subs"",)",sandwiches,"('2184 Bandywood Dr',)","('37215',)"
"('Firehouse Subs',)",sandwiches,"('708 Thompson Ln',)","('37024',)"
"(""Domino's Pizza"",)",pizza,"('2004 Belcourt Ave',)","('37212',)"
"(""McDonald's"",)",burgers,"('4700 Charlotte Ave',)","('37209',)"
"(""Jimmy John's"",)",sandwiches,"('810 Gale Ln',)","('37204',)"
"('Smokin Thighs - Wedgewood',)",chicken_wings,"('611 Wedgewood Ave',)","('37203',)"
"(""Robert's Western World"",)",musicvenues,"('416 Broadway',)","('37203',)"
"('Chipotle Mexican Grill',)",mexican,"('3900 Hillsboro Pike',)","('37215',)"
"(""Wendy's"",)",hotdogs,"('1045 28Th Avenue North',)","('37208',)"
"(""Wendy's"",)",hotdogs,"('741 Thompson Ln',)","('37204',)"
"('Zoes Kitchen',)",greek,"('4015 Hillsboro Pike',)","('37215',)"
"('Panera Bread',)",sandwiches,"('406 21st Ave S',)","('37203',)"
"(""Prince's Hot Chicken Shack"",)",chicken_wings,"('423 6th Ave S',)","('37203',)"
"('Green Hills Grille',)",salad,"('2002 Richard Jones Rd',)","('37215',)"
"('M.L.Rose Craft Beer & Burgers - Sylvan Park',)",burgers,"('4408 Charlotte Ave',)","('37209',)"
"('Panera Bread',)",sandwiches,"('2534 Powell Ave',)","('37204',)"
"('The Chile Burrito',)",mexican,"('162 4th Ave N',)","('37219',)"
"('Noshville',)",delis,"('4014 Hillsboro Cir',)","('37215',)"
"('Pokeworks',)",salad,"('416 11th Ave N',)","('37203',)"
"('Pizza Hut',)",pizza,"('1908 W End Ave',)","('37203',)"
"(""Varallo's Restaurants"",)",diners,"('239 4th Ave N',)","('37219',)"
"(""Moe's Southwest Grill"",)",mexican,"('2525 W End Ave',)","('37203',)"
"(""Ted's Montana Grill - West End"",)",tradamerican,"('2817 W End Ave',)","('37203',)"
"('Athens Family Restaurant',)",greek,"('2017 Belmont Blvd',)","('37212',)"
"('Burger King',)",burgers,"('1501 Charlotte Ave',)","('37203',)"
"('Cilantro Mexican Grill',)",mexican,"('2330 8th Ave S',)","('37204',)"
"('Greko Greek Street Food',)",greek,"('704 Main St',)","('37206',)"
"('KFC',)",hotdogs,"('1027 8th Ave. N.',)","('37208',)"
"('Tennessee Tavern',)",tradamerican,"('1 Airport Dr',)","('37214',)"
"(""Auntie Anne's"",)",pretzels,"('138 Opry Mills Dr',)","('37214',)"
"('Aquarium Restaurant',)",seafood,"('516 Opry Mills Dr',)","('37214',)"
"('Madison Family Restaurant',)",southern,"('201 Gallatin Pike S',)","('37115',)"
"('Las Maracas',)",mexican,"('2704 Gallatin Pike',)","('37216',)"
"(""Dave & Buster's"",)",tradamerican,"('540 Opry Mills Dr',)","('37214',)"
"('Subway',)",sandwiches,"('414 Gallatin Pike S',)","('37115',)"
"(""Captain D's"",)",seafood,"('3021 Dickerson Pike',)","('37207',)"
"('Scoreboard Bar & Grill',)",tradamerican,"('2408 Music Valley Dr',)","('37214',)"
"('Solario Cantina',)",mexican,"('2800 Opryland Dr',)","('37214',)"
"('Subway',)",hotdogs,"('3443 Dickerson Pike',)","('37207',)"
"('Rosepepper Mexican Grill',)",mexican,"('1907 Eastland Ave',)","('37206',)"
"('Subway',)",sandwiches,"('433 Opry Mills Dr',)","('37214',)"
